Model,Prompt,N,mIoU,Dice,Precision,Recall
Scratch (CLIP-UNet),segment taping area,154,0.616171056791753,0.7433596691237642,0.7422340967535198,0.8175761965526775
Scratch (CLIP-UNet),segment crack,806,0.48106082657631616,0.6263602007149244,0.6477972173675868,0.7451627079754551
Scratch (CLIP-UNet),All,960,0.5027347593400424,0.6451288654388425,0.6629464667690802,0.7567790384347179
Fine-tuned (CLIPSeg),segment taping area,154,0.48708756258703784,0.6420282133249428,0.6940110515064793,0.6662638079072044
Fine-tuned (CLIPSeg),segment crack,806,0.44797958194750864,0.5958009256397454,0.5910885373461228,0.7515661552115298
Fine-tuned (CLIPSeg),All,960,0.45425315384176645,0.6032165530392459,0.60759902399268,0.7378822369981276
